{
    "x": -5.452728748321533,
    "y": 5.599664688110352,
    "z": 0.0
}