{
    "x": 7.937897682189941,
    "y": 3.4487552642822267,
    "z": 0.0
}