{
    "x": -2.2021067142486574,
    "y": 2.2358357906341554,
    "z": 0.0
}